province,year,category,price,population
Alberta,2017,baby,14.895,4232819.75
Alberta,2017,beans,3.0704166666666666,4232819.75
Alberta,2017,canned,1.275,4232819.75
Alberta,2017,condiments,4.147083333333334,4232819.75
Alberta,2017,dairy,4.283888888888889,4232819.75
Alberta,2017,drinks,3.8766666666666665,4232819.75
Alberta,2017,frozen,3.585555555555556,4232819.75
Alberta,2017,fruits,2.885462962962963,4232819.75
Alberta,2017,grains,3.138541666666667,4232819.75
Alberta,2017,meat_alts,3.2425,4232819.75
Alberta,2017,meats,8.4355,4232819.75
Alberta,2017,nuts,3.837083333333333,4232819.75
Alberta,2017,pantry,4.7127083333333335,4232819.75
Alberta,2017,seafood,14.934583333333334,4232819.75
Alberta,2017,snacks,3.573611111111111,4232819.75
Alberta,2017,veggies,2.97075,4232819.75
Alberta,2018,baby,15.25125,4286099.0
Alberta,2018,beans,3.05375,4286099.0
Alberta,2018,canned,1.2887499999999998,4286099.0
Alberta,2018,condiments,4.096805555555555,4286099.0
Alberta,2018,dairy,4.316944444444444,4286099.0
Alberta,2018,drinks,3.880416666666666,4286099.0
Alberta,2018,frozen,3.4811111111111117,4286099.0
Alberta,2018,fruits,2.8667592592592595,4286099.0
Alberta,2018,grains,3.05625,4286099.0
Alberta,2018,meat_alts,3.3000000000000003,4286099.0
Alberta,2018,meats,8.302166666666666,4286099.0
Alberta,2018,nuts,4.035833333333333,4286099.0
Alberta,2018,pantry,4.799166666666666,4286099.0
Alberta,2018,seafood,15.603333333333332,4286099.0
Alberta,2018,snacks,3.656944444444445,4286099.0
Alberta,2018,veggies,3.1243333333333334,4286099.0
Alberta,2019,baby,15.563333333333333,4348515.0
Alberta,2019,beans,3.069166666666667,4348515.0
Alberta,2019,canned,1.32875,4348515.0
Alberta,2019,condiments,3.935,4348515.0
Alberta,2019,dairy,4.352916666666666,4348515.0
Alberta,2019,drinks,3.906875,4348515.0
Alberta,2019,frozen,3.6225,4348515.0
Alberta,2019,fruits,3.059722222222222,4348515.0
Alberta,2019,grains,3.03875,4348515.0
Alberta,2019,meat_alts,3.750555555555555,4348515.0
Alberta,2019,meats,8.372666666666666,4348515.0
Alberta,2019,nuts,4.10625,4348515.0
Alberta,2019,pantry,4.838333333333333,4348515.0
Alberta,2019,seafood,16.00166666666667,4348515.0
Alberta,2019,snacks,3.675277777777778,4348515.0
Alberta,2019,veggies,3.6925,4348515.0
Alberta,2020,baby,15.715833333333334,4404480.25
Alberta,2020,beans,3.0458333333333334,4404480.25
Alberta,2020,canned,1.3754166666666667,4404480.25
Alberta,2020,condiments,3.9184722222222224,4404480.25
Alberta,2020,dairy,4.483611111111111,4404480.25
Alberta,2020,drinks,3.994166666666666,4404480.25
Alberta,2020,frozen,3.675,4404480.25
Alberta,2020,fruits,3.1682407407407407,4404480.25
Alberta,2020,grains,3.12625,4404480.25
Alberta,2020,meat_alts,3.8241666666666663,4404480.25
Alberta,2020,meats,8.792666666666667,4404480.25
Alberta,2020,nuts,4.325,4404480.25
Alberta,2020,pantry,5.230833333333333,4404480.25
Alberta,2020,seafood,15.009166666666664,4404480.25
Alberta,2020,snacks,3.678333333333333,4404480.25
Alberta,2020,veggies,3.775,4404480.25
Alberta,2021,baby,16.276666666666664,4431360.5
Alberta,2021,beans,2.9691666666666663,4431360.5
Alberta,2021,canned,1.385416666666667,4431360.5
Alberta,2021,condiments,4.408472222222223,4431360.5
Alberta,2021,dairy,4.681805555555555,4431360.5
Alberta,2021,drinks,4.055625,4431360.5
Alberta,2021,frozen,3.6425,4431360.5
Alberta,2021,fruits,3.297037037037037,4431360.5
Alberta,2021,grains,3.0308333333333333,4431360.5
Alberta,2021,meat_alts,3.999166666666666,4431360.5
Alberta,2021,meats,8.9585,4431360.5
Alberta,2021,nuts,4.385,4431360.5
Alberta,2021,pantry,5.201875,4431360.5
Alberta,2021,seafood,15.221249999999998,4431360.5
Alberta,2021,snacks,3.702777777777778,4431360.5
Alberta,2021,veggies,3.639083333333333,4431360.5
Alberta,2022,baby,16.947499999999998,4503729.0
Alberta,2022,beans,3.522916666666667,4503729.0
Alberta,2022,canned,1.6258333333333332,4503729.0
Alberta,2022,condiments,5.547083333333333,4503729.0
Alberta,2022,dairy,5.323194444444445,4503729.0
Alberta,2022,drinks,4.406666666666666,4503729.0
Alberta,2022,frozen,3.8969444444444448,4503729.0
Alberta,2022,fruits,3.726944444444445,4503729.0
Alberta,2022,grains,3.476458333333333,4503729.0
Alberta,2022,meat_alts,4.257222222222223,4503729.0
Alberta,2022,meats,9.350166666666668,4503729.0
Alberta,2022,nuts,4.33375,4503729.0
Alberta,2022,pantry,5.788333333333334,4503729.0
Alberta,2022,seafood,16.55125,4503729.0
Alberta,2022,snacks,3.923333333333333,4503729.0
Alberta,2022,veggies,4.062166666666667,4503729.0
Alberta,2023,baby,19.946666666666665,4666165.25
Alberta,2023,beans,3.723333333333333,4666165.25
Alberta,2023,canned,1.81625,4666165.25
Alberta,2023,condiments,6.043472222222223,4666165.25
Alberta,2023,dairy,5.745694444444445,4666165.25
Alberta,2023,drinks,4.8602083333333335,4666165.25
Alberta,2023,frozen,4.373611111111111,4666165.25
Alberta,2023,fruits,3.896111111111111,4666165.25
Alberta,2023,grains,3.911875,4666165.25
Alberta,2023,meat_alts,4.463055555555556,4666165.25
Alberta,2023,meats,9.6215,4666165.25
Alberta,2023,nuts,4.3845833333333335,4666165.25
Alberta,2023,pantry,6.145208333333333,4666165.25
Alberta,2023,seafood,16.6925,4666165.25
Alberta,2023,snacks,4.408055555555555,4666165.25
Alberta,2023,veggies,4.45875,4666165.25
Alberta,2024,baby,22.483125,4841040.666666667
Alberta,2024,beans,3.603125,4841040.666666667
Alberta,2024,canned,1.636875,4841040.666666667
Alberta,2024,condiments,5.862291666666667,4841040.666666667
Alberta,2024,dairy,5.79375,4841040.666666667
Alberta,2024,drinks,5.0875,4841040.666666667
Alberta,2024,frozen,4.396666666666667,4841040.666666667
Alberta,2024,fruits,3.852638888888889,4841040.666666667
Alberta,2024,grains,3.700625,4841040.666666667
Alberta,2024,meat_alts,4.546666666666667,4841040.666666667
Alberta,2024,meats,10.0505,4841040.666666667
Alberta,2024,nuts,4.285,4841040.666666667
Alberta,2024,pantry,5.746875,4841040.666666667
Alberta,2024,seafood,17.080000000000002,4841040.666666667
Alberta,2024,snacks,4.379166666666666,4841040.666666667
Alberta,2024,veggies,4.36325,4841040.666666667
British Columbia,2017,baby,15.744583333333331,4925006.5
British Columbia,2017,beans,3.1404166666666664,4925006.5
British Columbia,2017,canned,1.2975,4925006.5
British Columbia,2017,condiments,4.239861111111111,4925006.5
British Columbia,2017,dairy,4.226805555555556,4925006.5
British Columbia,2017,drinks,3.9091666666666662,4925006.5
British Columbia,2017,frozen,3.645555555555556,4925006.5
British Columbia,2017,fruits,2.928148148148148,4925006.5
British Columbia,2017,grains,3.0952083333333333,4925006.5
British Columbia,2017,meat_alts,3.3991666666666664,4925006.5
British Columbia,2017,meats,8.243166666666667,4925006.5
British Columbia,2017,nuts,3.784583333333334,4925006.5
British Columbia,2017,pantry,4.805208333333333,4925006.5
British Columbia,2017,seafood,15.454999999999998,4925006.5
British Columbia,2017,snacks,3.565,4925006.5
British Columbia,2017,veggies,2.99925,4925006.5
British Columbia,2018,baby,15.900833333333331,5009884.5
British Columbia,2018,beans,3.230833333333333,5009884.5
British Columbia,2018,canned,1.3195833333333336,5009884.5
British Columbia,2018,condiments,4.151111111111111,5009884.5
British Columbia,2018,dairy,4.250555555555556,5009884.5
British Columbia,2018,drinks,3.928125,5009884.5
British Columbia,2018,frozen,3.513611111111112,5009884.5
British Columbia,2018,fruits,2.9387962962962964,5009884.5
British Columbia,2018,grains,3.0962499999999995,5009884.5
British Columbia,2018,meat_alts,3.4780555555555552,5009884.5
British Columbia,2018,meats,8.156333333333333,5009884.5
British Columbia,2018,nuts,4.0129166666666665,5009884.5
British Columbia,2018,pantry,4.876250000000001,5009884.5
British Columbia,2018,seafood,16.348333333333333,5009884.5
British Columbia,2018,snacks,3.665277777777778,5009884.5
British Columbia,2018,veggies,3.2085833333333333,5009884.5
British Columbia,2019,baby,16.150416666666665,5100179.0
British Columbia,2019,beans,3.2191666666666663,5100179.0
British Columbia,2019,canned,1.3695833333333334,5100179.0
British Columbia,2019,condiments,3.9175,5100179.0
British Columbia,2019,dairy,4.262638888888889,5100179.0
British Columbia,2019,drinks,3.920625,5100179.0
British Columbia,2019,frozen,3.6125,5100179.0
British Columbia,2019,fruits,3.0707407407407405,5100179.0
British Columbia,2019,grains,3.1022916666666664,5100179.0
British Columbia,2019,meat_alts,3.905833333333333,5100179.0
British Columbia,2019,meats,8.215833333333332,5100179.0
British Columbia,2019,nuts,4.035833333333334,5100179.0
British Columbia,2019,pantry,4.902291666666667,5100179.0
British Columbia,2019,seafood,17.168333333333333,5100179.0
British Columbia,2019,snacks,3.704722222222222,5100179.0
British Columbia,2019,veggies,3.6931666666666665,5100179.0
British Columbia,2020,baby,15.592916666666667,5169146.25
British Columbia,2020,beans,3.1154166666666665,5169146.25
British Columbia,2020,canned,1.3479166666666669,5169146.25
British Columbia,2020,condiments,3.8734722222222224,5169146.25
British Columbia,2020,dairy,4.403194444444444,5169146.25
British Columbia,2020,drinks,4.0304166666666665,5169146.25
British Columbia,2020,frozen,3.680277777777777,5169146.25
British Columbia,2020,fruits,3.1012962962962964,5169146.25
British Columbia,2020,grains,3.116458333333333,5169146.25
British Columbia,2020,meat_alts,4.052499999999999,5169146.25
British Columbia,2020,meats,8.692833333333333,5169146.25
British Columbia,2020,nuts,4.224583333333333,5169146.25
British Columbia,2020,pantry,5.287708333333334,5169146.25
British Columbia,2020,seafood,15.96125,5169146.25
British Columbia,2020,snacks,3.6983333333333337,5169146.25
British Columbia,2020,veggies,3.757833333333333,5169146.25
British Columbia,2021,baby,16.15208333333333,5218563.75
British Columbia,2021,beans,3.05375,5218563.75
British Columbia,2021,canned,1.36875,5218563.75
British Columbia,2021,condiments,4.3775,5218563.75
British Columbia,2021,dairy,4.603611111111111,5218563.75
British Columbia,2021,drinks,4.142083333333333,5218563.75
British Columbia,2021,frozen,3.668888888888889,5218563.75
British Columbia,2021,fruits,3.299074074074074,5218563.75
British Columbia,2021,grains,3.1029166666666663,5218563.75
British Columbia,2021,meat_alts,4.291111111111111,5218563.75
British Columbia,2021,meats,8.970166666666668,5218563.75
British Columbia,2021,nuts,4.223333333333334,5218563.75
British Columbia,2021,pantry,5.322916666666667,5218563.75
British Columbia,2021,seafood,16.27875,5218563.75
British Columbia,2021,snacks,3.763611111111111,5218563.75
British Columbia,2021,veggies,3.670416666666666,5218563.75
British Columbia,2022,baby,16.55833333333333,5341279.25
British Columbia,2022,beans,3.591666666666667,5341279.25
British Columbia,2022,canned,1.6429166666666668,5341279.25
British Columbia,2022,condiments,5.515,5341279.25
British Columbia,2022,dairy,5.296666666666667,5341279.25
British Columbia,2022,drinks,4.507499999999999,5341279.25
British Columbia,2022,frozen,4.0008333333333335,5341279.25
British Columbia,2022,fruits,3.761851851851852,5341279.25
British Columbia,2022,grains,3.563333333333333,5341279.25
British Columbia,2022,meat_alts,4.5225,5341279.25
British Columbia,2022,meats,9.6405,5341279.25
British Columbia,2022,nuts,4.26375,5341279.25
British Columbia,2022,pantry,5.875625,5341279.25
British Columbia,2022,seafood,17.57833333333333,5341279.25
British Columbia,2022,snacks,3.988333333333333,5341279.25
British Columbia,2022,veggies,4.132916666666667,5341279.25
British Columbia,2023,baby,19.562083333333334,5511693.5
British Columbia,2023,beans,3.7712499999999993,5511693.5
British Columbia,2023,canned,1.80875,5511693.5
British Columbia,2023,condiments,6.00375,5511693.5
British Columbia,2023,dairy,5.736527777777778,5511693.5
British Columbia,2023,drinks,4.991041666666667,5511693.5
British Columbia,2023,frozen,4.452500000000001,5511693.5
British Columbia,2023,fruits,3.948518518518519,5511693.5
British Columbia,2023,grains,3.987291666666667,5511693.5
British Columbia,2023,meat_alts,4.705555555555556,5511693.5
British Columbia,2023,meats,9.8395,5511693.5
British Columbia,2023,nuts,4.327083333333333,5511693.5
British Columbia,2023,pantry,6.243541666666667,5511693.5
British Columbia,2023,seafood,17.460833333333333,5511693.5
British Columbia,2023,snacks,4.507222222222222,5511693.5
British Columbia,2023,veggies,4.52625,5511693.5
British Columbia,2024,baby,22.365,5664426.333333333
British Columbia,2024,beans,3.681875,5664426.333333333
British Columbia,2024,canned,1.64,5664426.333333333
British Columbia,2024,condiments,5.863958333333334,5664426.333333333
British Columbia,2024,dairy,5.747708333333333,5664426.333333333
British Columbia,2024,drinks,5.2325,5664426.333333333
British Columbia,2024,frozen,4.473333333333334,5664426.333333333
British Columbia,2024,fruits,3.85375,5664426.333333333
British Columbia,2024,grains,3.7821875,5664426.333333333
British Columbia,2024,meat_alts,4.751666666666666,5664426.333333333
British Columbia,2024,meats,10.1935,5664426.333333333
British Columbia,2024,nuts,4.16,5664426.333333333
British Columbia,2024,pantry,5.8621875,5664426.333333333
British Columbia,2024,seafood,17.60125,5664426.333333333
British Columbia,2024,snacks,4.434166666666667,5664426.333333333
British Columbia,2024,veggies,4.44475,5664426.333333333
Manitoba,2017,baby,13.879583333333333,1331885.25
Manitoba,2017,beans,2.8975,1331885.25
Manitoba,2017,canned,1.2858333333333334,1331885.25
Manitoba,2017,condiments,4.1275,1331885.25
Manitoba,2017,dairy,4.185277777777777,1331885.25
Manitoba,2017,drinks,3.691458333333333,1331885.25
Manitoba,2017,frozen,3.508333333333333,1331885.25
Manitoba,2017,fruits,2.8991666666666664,1331885.25
Manitoba,2017,grains,3.020208333333333,1331885.25
Manitoba,2017,meat_alts,3.092222222222222,1331885.25
Manitoba,2017,meats,8.083333333333334,1331885.25
Manitoba,2017,nuts,3.800833333333333,1331885.25
Manitoba,2017,pantry,4.4747916666666665,1331885.25
Manitoba,2017,seafood,14.212916666666668,1331885.25
Manitoba,2017,snacks,3.449444444444444,1331885.25
Manitoba,2017,veggies,2.9305833333333333,1331885.25
Manitoba,2018,baby,13.684166666666666,1350414.25
Manitoba,2018,beans,3.025416666666666,1350414.25
Manitoba,2018,canned,1.29625,1350414.25
Manitoba,2018,condiments,4.044583333333333,1350414.25
Manitoba,2018,dairy,4.208472222222222,1350414.25
Manitoba,2018,drinks,3.675625,1350414.25
Manitoba,2018,frozen,3.400555555555556,1350414.25
Manitoba,2018,fruits,2.864537037037037,1350414.25
Manitoba,2018,grains,2.983125,1350414.25
Manitoba,2018,meat_alts,3.17,1350414.25
Manitoba,2018,meats,8.0145,1350414.25
Manitoba,2018,nuts,4.029166666666667,1350414.25
Manitoba,2018,pantry,4.535208333333333,1350414.25
Manitoba,2018,seafood,14.797083333333331,1350414.25
Manitoba,2018,snacks,3.533055555555556,1350414.25
Manitoba,2018,veggies,3.0588333333333333,1350414.25
Manitoba,2019,baby,14.34,1367580.0
Manitoba,2019,beans,2.9875,1367580.0
Manitoba,2019,canned,1.29625,1367580.0
Manitoba,2019,condiments,3.764027777777778,1367580.0
Manitoba,2019,dairy,4.199305555555555,1367580.0
Manitoba,2019,drinks,3.664375,1367580.0
Manitoba,2019,frozen,3.493055555555556,1367580.0
Manitoba,2019,fruits,2.9275925925925925,1367580.0
Manitoba,2019,grains,2.85625,1367580.0
Manitoba,2019,meat_alts,3.613888888888889,1367580.0
Manitoba,2019,meats,7.790999999999999,1367580.0
Manitoba,2019,nuts,4.104583333333333,1367580.0
Manitoba,2019,pantry,4.536458333333334,1367580.0
Manitoba,2019,seafood,15.18625,1367580.0
Manitoba,2019,snacks,3.5044444444444447,1367580.0
Manitoba,2019,veggies,3.571916666666666,1367580.0
Manitoba,2020,baby,14.664583333333333,1379626.0
Manitoba,2020,beans,2.9970833333333333,1379626.0
Manitoba,2020,canned,1.309583333333333,1379626.0
Manitoba,2020,condiments,3.792222222222222,1379626.0
Manitoba,2020,dairy,4.327916666666667,1379626.0
Manitoba,2020,drinks,3.77,1379626.0
Manitoba,2020,frozen,3.474166666666666,1379626.0
Manitoba,2020,fruits,3.0210185185185185,1379626.0
Manitoba,2020,grains,2.9072916666666666,1379626.0
Manitoba,2020,meat_alts,3.751111111111111,1379626.0
Manitoba,2020,meats,8.399666666666665,1379626.0
Manitoba,2020,nuts,4.268333333333333,1379626.0
Manitoba,2020,pantry,4.883958333333333,1379626.0
Manitoba,2020,seafood,14.446666666666667,1379626.0
Manitoba,2020,snacks,3.5327777777777776,1379626.0
Manitoba,2020,veggies,3.6001666666666665,1379626.0
Manitoba,2021,baby,15.27375,1390137.75
Manitoba,2021,beans,2.862916666666667,1390137.75
Manitoba,2021,canned,1.31125,1390137.75
Manitoba,2021,condiments,4.253194444444444,1390137.75
Manitoba,2021,dairy,4.514583333333333,1390137.75
Manitoba,2021,drinks,3.86125,1390137.75
Manitoba,2021,frozen,3.451388888888888,1390137.75
Manitoba,2021,fruits,3.196203703703704,1390137.75
Manitoba,2021,grains,2.8029166666666665,1390137.75
Manitoba,2021,meat_alts,3.9125,1390137.75
Manitoba,2021,meats,8.551666666666666,1390137.75
Manitoba,2021,nuts,4.250416666666666,1390137.75
Manitoba,2021,pantry,4.846666666666667,1390137.75
Manitoba,2021,seafood,14.7725,1390137.75
Manitoba,2021,snacks,3.539444444444444,1390137.75
Manitoba,2021,veggies,3.51325,1390137.75
Manitoba,2022,baby,16.113333333333333,1410050.5
Manitoba,2022,beans,3.4825,1410050.5
Manitoba,2022,canned,1.6316666666666668,1410050.5
Manitoba,2022,condiments,5.357777777777777,1410050.5
Manitoba,2022,dairy,5.139583333333333,1410050.5
Manitoba,2022,drinks,4.227291666666667,1410050.5
Manitoba,2022,frozen,3.7144444444444447,1410050.5
Manitoba,2022,fruits,3.62037037037037,1410050.5
Manitoba,2022,grains,3.297708333333333,1410050.5
Manitoba,2022,meat_alts,4.1002777777777775,1410050.5
Manitoba,2022,meats,9.010000000000002,1410050.5
Manitoba,2022,nuts,4.183333333333334,1410050.5
Manitoba,2022,pantry,5.403125,1410050.5
Manitoba,2022,seafood,15.51375,1410050.5
Manitoba,2022,snacks,3.7852777777777775,1410050.5
Manitoba,2022,veggies,3.9754166666666655,1410050.5
Manitoba,2023,baby,19.445416666666667,1449196.75
Manitoba,2023,beans,3.674583333333333,1449196.75
Manitoba,2023,canned,1.7720833333333332,1449196.75
Manitoba,2023,condiments,5.866805555555556,1449196.75
Manitoba,2023,dairy,5.601944444444445,1449196.75
Manitoba,2023,drinks,4.650625,1449196.75
Manitoba,2023,frozen,4.185277777777778,1449196.75
Manitoba,2023,fruits,3.78925925925926,1449196.75
Manitoba,2023,grains,3.739583333333333,1449196.75
Manitoba,2023,meat_alts,4.247222222222223,1449196.75
Manitoba,2023,meats,9.2005,1449196.75
Manitoba,2023,nuts,4.225833333333333,1449196.75
Manitoba,2023,pantry,5.8289583333333335,1449196.75
Manitoba,2023,seafood,15.224583333333332,1449196.75
Manitoba,2023,snacks,4.252777777777777,1449196.75
Manitoba,2023,veggies,4.332166666666667,1449196.75
Manitoba,2024,baby,22.154375,1485100.6666666667
Manitoba,2024,beans,3.5700000000000003,1485100.6666666667
Manitoba,2024,canned,1.589375,1485100.6666666667
Manitoba,2024,condiments,5.732708333333334,1485100.6666666667
Manitoba,2024,dairy,5.668541666666667,1485100.6666666667
Manitoba,2024,drinks,4.8853125,1485100.6666666667
Manitoba,2024,frozen,4.240833333333334,1485100.6666666667
Manitoba,2024,fruits,3.745277777777778,1485100.6666666667
Manitoba,2024,grains,3.5753125,1485100.6666666667
Manitoba,2024,meat_alts,4.39875,1485100.6666666667
Manitoba,2024,meats,9.577,1485100.6666666667
Manitoba,2024,nuts,4.199375,1485100.6666666667
Manitoba,2024,pantry,5.4887500000000005,1485100.6666666667
Manitoba,2024,seafood,15.705625,1485100.6666666667
Manitoba,2024,snacks,4.2820833333333335,1485100.6666666667
Manitoba,2024,veggies,4.27725,1485100.6666666667
New Brunswick,2017,baby,12.585833333333332,766049.25
New Brunswick,2017,beans,3.5170833333333333,766049.25
New Brunswick,2017,canned,1.1295833333333332,766049.25
New Brunswick,2017,condiments,3.77,766049.25
New Brunswick,2017,dairy,4.679444444444445,766049.25
New Brunswick,2017,drinks,4.001875,766049.25
New Brunswick,2017,frozen,3.5336111111111115,766049.25
New Brunswick,2017,fruits,3.013425925925926,766049.25
New Brunswick,2017,grains,3.035833333333333,766049.25
New Brunswick,2017,meat_alts,3.081666666666667,766049.25
New Brunswick,2017,meats,6.715333333333334,766049.25
New Brunswick,2017,nuts,4.3925,766049.25
New Brunswick,2017,pantry,5.247083333333333,766049.25
New Brunswick,2017,seafood,13.47,766049.25
New Brunswick,2017,snacks,3.375,766049.25
New Brunswick,2017,veggies,3.3995833333333336,766049.25
New Brunswick,2018,baby,13.060833333333331,770035.75
New Brunswick,2018,beans,3.51375,770035.75
New Brunswick,2018,canned,1.1425,770035.75
New Brunswick,2018,condiments,3.833194444444445,770035.75
New Brunswick,2018,dairy,4.695555555555555,770035.75
New Brunswick,2018,drinks,4.107708333333333,770035.75
New Brunswick,2018,frozen,3.4825,770035.75
New Brunswick,2018,fruits,3.0417592592592597,770035.75
New Brunswick,2018,grains,2.974166666666666,770035.75
New Brunswick,2018,meat_alts,3.253888888888889,770035.75
New Brunswick,2018,meats,6.805666666666667,770035.75
New Brunswick,2018,nuts,4.340833333333333,770035.75
New Brunswick,2018,pantry,5.269583333333333,770035.75
New Brunswick,2018,seafood,13.6975,770035.75
New Brunswick,2018,snacks,3.542222222222222,770035.75
New Brunswick,2018,veggies,3.738916666666667,770035.75
New Brunswick,2019,baby,14.017083333333334,776407.5
New Brunswick,2019,beans,3.38375,776407.5
New Brunswick,2019,canned,1.2504166666666667,776407.5
New Brunswick,2019,condiments,3.912638888888889,776407.5
New Brunswick,2019,dairy,4.783055555555555,776407.5
New Brunswick,2019,drinks,4.085833333333333,776407.5
New Brunswick,2019,frozen,3.5877777777777773,776407.5
New Brunswick,2019,fruits,3.223888888888889,776407.5
New Brunswick,2019,grains,3.0327083333333333,776407.5
New Brunswick,2019,meat_alts,3.6727777777777777,776407.5
New Brunswick,2019,meats,7.177499999999999,776407.5
New Brunswick,2019,nuts,4.24,776407.5
New Brunswick,2019,pantry,5.267708333333334,776407.5
New Brunswick,2019,seafood,13.855,776407.5
New Brunswick,2019,snacks,3.699444444444444,776407.5
New Brunswick,2019,veggies,4.041916666666667,776407.5
New Brunswick,2020,baby,14.9875,782703.0
New Brunswick,2020,beans,3.4375,782703.0
New Brunswick,2020,canned,1.3166666666666669,782703.0
New Brunswick,2020,condiments,4.059027777777778,782703.0
New Brunswick,2020,dairy,4.889861111111111,782703.0
New Brunswick,2020,drinks,4.213125,782703.0
New Brunswick,2020,frozen,3.723611111111112,782703.0
New Brunswick,2020,fruits,3.456111111111112,782703.0
New Brunswick,2020,grains,3.075,782703.0
New Brunswick,2020,meat_alts,3.826111111111111,782703.0
New Brunswick,2020,meats,7.450333333333333,782703.0
New Brunswick,2020,nuts,4.332916666666668,782703.0
New Brunswick,2020,pantry,5.598958333333333,782703.0
New Brunswick,2020,seafood,13.696666666666664,782703.0
New Brunswick,2020,snacks,3.709722222222222,782703.0
New Brunswick,2020,veggies,4.199916666666667,782703.0
New Brunswick,2021,baby,15.845,789621.5
New Brunswick,2021,beans,3.4720833333333334,789621.5
New Brunswick,2021,canned,1.2991666666666668,789621.5
New Brunswick,2021,condiments,4.443055555555556,789621.5
New Brunswick,2021,dairy,5.147083333333334,789621.5
New Brunswick,2021,drinks,4.314375,789621.5
New Brunswick,2021,frozen,3.811944444444445,789621.5
New Brunswick,2021,fruits,3.55712962962963,789621.5
New Brunswick,2021,grains,3.1566666666666667,789621.5
New Brunswick,2021,meat_alts,4.061388888888889,789621.5
New Brunswick,2021,meats,7.8145,789621.5
New Brunswick,2021,nuts,4.3875,789621.5
New Brunswick,2021,pantry,5.619375,789621.5
New Brunswick,2021,seafood,14.4975,789621.5
New Brunswick,2021,snacks,3.7744444444444447,789621.5
New Brunswick,2021,veggies,4.015,789621.5
New Brunswick,2022,baby,16.825416666666666,806726.5
New Brunswick,2022,beans,3.59125,806726.5
New Brunswick,2022,canned,1.5308333333333333,806726.5
New Brunswick,2022,condiments,5.689722222222223,806726.5
New Brunswick,2022,dairy,5.81,806726.5
New Brunswick,2022,drinks,4.696041666666666,806726.5
New Brunswick,2022,frozen,4.042222222222223,806726.5
New Brunswick,2022,fruits,3.876944444444444,806726.5
New Brunswick,2022,grains,3.770625,806726.5
New Brunswick,2022,meat_alts,4.356388888888889,806726.5
New Brunswick,2022,meats,8.601333333333333,806726.5
New Brunswick,2022,nuts,4.53375,806726.5
New Brunswick,2022,pantry,6.205833333333333,806726.5
New Brunswick,2022,seafood,16.148333333333333,806726.5
New Brunswick,2022,snacks,4.085555555555556,806726.5
New Brunswick,2022,veggies,4.338749999999999,806726.5
New Brunswick,2023,baby,20.65333333333333,829690.25
New Brunswick,2023,beans,3.8541666666666665,829690.25
New Brunswick,2023,canned,1.7583333333333333,829690.25
New Brunswick,2023,condiments,6.252361111111111,829690.25
New Brunswick,2023,dairy,6.170138888888889,829690.25
New Brunswick,2023,drinks,5.154583333333333,829690.25
New Brunswick,2023,frozen,4.420833333333333,829690.25
New Brunswick,2023,fruits,4.131388888888889,829690.25
New Brunswick,2023,grains,4.151875,829690.25
New Brunswick,2023,meat_alts,4.4575,829690.25
New Brunswick,2023,meats,8.869166666666667,829690.25
New Brunswick,2023,nuts,4.525,829690.25
New Brunswick,2023,pantry,6.564166666666666,829690.25
New Brunswick,2023,seafood,16.690416666666668,829690.25
New Brunswick,2023,snacks,4.601388888888889,829690.25
New Brunswick,2023,veggies,4.652749999999999,829690.25
New Brunswick,2024,baby,22.231875,849318.6666666666
New Brunswick,2024,beans,3.975625,849318.6666666666
New Brunswick,2024,canned,1.6175,849318.6666666666
New Brunswick,2024,condiments,5.897916666666667,849318.6666666666
New Brunswick,2024,dairy,6.219791666666667,849318.6666666666
New Brunswick,2024,drinks,5.3425,849318.6666666666
New Brunswick,2024,frozen,4.4525,849318.6666666666
New Brunswick,2024,fruits,4.101805555555555,849318.6666666666
New Brunswick,2024,grains,3.9528125,849318.6666666666
New Brunswick,2024,meat_alts,4.574166666666667,849318.6666666666
New Brunswick,2024,meats,9.031,849318.6666666666
New Brunswick,2024,nuts,4.30875,849318.6666666666
New Brunswick,2024,pantry,6.005,849318.6666666666
New Brunswick,2024,seafood,16.671875,849318.6666666666
New Brunswick,2024,snacks,4.531666666666667,849318.6666666666
New Brunswick,2024,veggies,4.653375,849318.6666666666
Newfoundland and Labrador,2017,baby,13.863333333333337,529942.5
Newfoundland and Labrador,2017,beans,3.392083333333333,529942.5
Newfoundland and Labrador,2017,canned,1.1345833333333335,529942.5
Newfoundland and Labrador,2017,condiments,3.6351388888888887,529942.5
Newfoundland and Labrador,2017,dairy,4.586166666666666,529942.5
Newfoundland and Labrador,2017,drinks,4.073541666666666,529942.5
Newfoundland and Labrador,2017,frozen,3.4586111111111117,529942.5
Newfoundland and Labrador,2017,fruits,3.4229629629629628,529942.5
Newfoundland and Labrador,2017,grains,3.2270833333333333,529942.5
Newfoundland and Labrador,2017,meat_alts,3.1325,529942.5
Newfoundland and Labrador,2017,meats,6.946,529942.5
Newfoundland and Labrador,2017,nuts,4.488333333333333,529942.5
Newfoundland and Labrador,2017,pantry,5.124375,529942.5
Newfoundland and Labrador,2017,seafood,13.702916666666669,529942.5
Newfoundland and Labrador,2017,snacks,3.4186111111111117,529942.5
Newfoundland and Labrador,2017,veggies,3.89,529942.5
Newfoundland and Labrador,2018,baby,13.989583333333332,528998.75
Newfoundland and Labrador,2018,beans,3.268333333333333,528998.75
Newfoundland and Labrador,2018,canned,1.132083333333333,528998.75
Newfoundland and Labrador,2018,condiments,3.6679166666666663,528998.75
Newfoundland and Labrador,2018,dairy,4.532666666666667,528998.75
Newfoundland and Labrador,2018,drinks,4.1554166666666665,528998.75
Newfoundland and Labrador,2018,frozen,3.4258333333333333,528998.75
Newfoundland and Labrador,2018,fruits,3.3910185185185187,528998.75
Newfoundland and Labrador,2018,grains,3.128541666666667,528998.75
Newfoundland and Labrador,2018,meat_alts,3.2119444444444447,528998.75
Newfoundland and Labrador,2018,meats,7.002833333333333,528998.75
Newfoundland and Labrador,2018,nuts,4.382916666666667,528998.75
Newfoundland and Labrador,2018,pantry,5.0825,528998.75
Newfoundland and Labrador,2018,seafood,13.736666666666665,528998.75
Newfoundland and Labrador,2018,snacks,3.548888888888889,528998.75
Newfoundland and Labrador,2018,veggies,4.004416666666667,528998.75
Newfoundland and Labrador,2019,baby,14.728333333333335,528101.0
Newfoundland and Labrador,2019,beans,3.15875,528101.0
Newfoundland and Labrador,2019,canned,1.2508333333333332,528101.0
Newfoundland and Labrador,2019,condiments,3.7280555555555552,528101.0
Newfoundland and Labrador,2019,dairy,4.549166666666666,528101.0
Newfoundland and Labrador,2019,drinks,4.120416666666667,528101.0
Newfoundland and Labrador,2019,frozen,3.536388888888889,528101.0
Newfoundland and Labrador,2019,fruits,3.498518518518518,528101.0
Newfoundland and Labrador,2019,grains,3.143125,528101.0
Newfoundland and Labrador,2019,meat_alts,3.628055555555556,528101.0
Newfoundland and Labrador,2019,meats,7.327833333333333,528101.0
Newfoundland and Labrador,2019,nuts,4.32625,528101.0
Newfoundland and Labrador,2019,pantry,5.053749999999999,528101.0
Newfoundland and Labrador,2019,seafood,13.67125,528101.0
Newfoundland and Labrador,2019,snacks,3.7091666666666665,528101.0
Newfoundland and Labrador,2019,veggies,4.223166666666667,528101.0
Newfoundland and Labrador,2020,baby,15.044166666666667,527223.5
Newfoundland and Labrador,2020,beans,3.33125,527223.5
Newfoundland and Labrador,2020,canned,1.30375,527223.5
Newfoundland and Labrador,2020,condiments,3.854722222222222,527223.5
Newfoundland and Labrador,2020,dairy,4.697666666666667,527223.5
Newfoundland and Labrador,2020,drinks,4.355,527223.5
Newfoundland and Labrador,2020,frozen,3.719444444444445,527223.5
Newfoundland and Labrador,2020,fruits,3.718333333333333,527223.5
Newfoundland and Labrador,2020,grains,3.211875,527223.5
Newfoundland and Labrador,2020,meat_alts,3.855277777777778,527223.5
Newfoundland and Labrador,2020,meats,7.797999999999999,527223.5
Newfoundland and Labrador,2020,nuts,4.385833333333333,527223.5
Newfoundland and Labrador,2020,pantry,5.640416666666667,527223.5
Newfoundland and Labrador,2020,seafood,14.1,527223.5
Newfoundland and Labrador,2020,snacks,3.713055555555556,527223.5
Newfoundland and Labrador,2020,veggies,4.477916666666667,527223.5
Newfoundland and Labrador,2021,baby,16.082916666666666,526862.0
Newfoundland and Labrador,2021,beans,3.3254166666666665,526862.0
Newfoundland and Labrador,2021,canned,1.28125,526862.0
Newfoundland and Labrador,2021,condiments,4.240555555555556,526862.0
Newfoundland and Labrador,2021,dairy,4.9431666666666665,526862.0
Newfoundland and Labrador,2021,drinks,4.4158333333333335,526862.0
Newfoundland and Labrador,2021,frozen,3.7477777777777774,526862.0
Newfoundland and Labrador,2021,fruits,3.870092592592592,526862.0
Newfoundland and Labrador,2021,grains,3.2697916666666664,526862.0
Newfoundland and Labrador,2021,meat_alts,4.040555555555556,526862.0
Newfoundland and Labrador,2021,meats,7.8745,526862.0
Newfoundland and Labrador,2021,nuts,4.286666666666667,526862.0
Newfoundland and Labrador,2021,pantry,5.461666666666667,526862.0
Newfoundland and Labrador,2021,seafood,14.37125,526862.0
Newfoundland and Labrador,2021,snacks,3.765833333333333,526862.0
Newfoundland and Labrador,2021,veggies,4.327833333333333,526862.0
Newfoundland and Labrador,2022,baby,17.732083333333335,530679.0
Newfoundland and Labrador,2022,beans,3.5229166666666663,530679.0
Newfoundland and Labrador,2022,canned,1.5145833333333334,530679.0
Newfoundland and Labrador,2022,condiments,5.364444444444445,530679.0
Newfoundland and Labrador,2022,dairy,5.6215,530679.0
Newfoundland and Labrador,2022,drinks,4.751875,530679.0
Newfoundland and Labrador,2022,frozen,3.97,530679.0
Newfoundland and Labrador,2022,fruits,4.24037037037037,530679.0
Newfoundland and Labrador,2022,grains,3.8704166666666655,530679.0
Newfoundland and Labrador,2022,meat_alts,4.447222222222222,530679.0
Newfoundland and Labrador,2022,meats,8.450333333333333,530679.0
Newfoundland and Labrador,2022,nuts,4.447916666666667,530679.0
Newfoundland and Labrador,2022,pantry,6.011458333333334,530679.0
Newfoundland and Labrador,2022,seafood,16.125416666666666,530679.0
Newfoundland and Labrador,2022,snacks,4.070833333333334,530679.0
Newfoundland and Labrador,2022,veggies,4.655583333333333,530679.0
Newfoundland and Labrador,2023,baby,21.6525,537972.75
Newfoundland and Labrador,2023,beans,3.80625,537972.75
Newfoundland and Labrador,2023,canned,1.7449999999999997,537972.75
Newfoundland and Labrador,2023,condiments,5.788611111111112,537972.75
Newfoundland and Labrador,2023,dairy,6.003833333333334,537972.75
Newfoundland and Labrador,2023,drinks,5.204791666666667,537972.75
Newfoundland and Labrador,2023,frozen,4.335,537972.75
Newfoundland and Labrador,2023,fruits,4.447222222222222,537972.75
Newfoundland and Labrador,2023,grains,4.27875,537972.75
Newfoundland and Labrador,2023,meat_alts,4.610555555555556,537972.75
Newfoundland and Labrador,2023,meats,8.842666666666666,537972.75
Newfoundland and Labrador,2023,nuts,4.464583333333334,537972.75
Newfoundland and Labrador,2023,pantry,6.267916666666667,537972.75
Newfoundland and Labrador,2023,seafood,16.891666666666666,537972.75
Newfoundland and Labrador,2023,snacks,4.56361111111111,537972.75
Newfoundland and Labrador,2023,veggies,5.080416666666666,537972.75
Newfoundland and Labrador,2024,baby,23.129375,543402.6666666666
Newfoundland and Labrador,2024,beans,3.96125,543402.6666666666
Newfoundland and Labrador,2024,canned,1.5993750000000002,543402.6666666666
Newfoundland and Labrador,2024,condiments,5.632916666666667,543402.6666666666
Newfoundland and Labrador,2024,dairy,6.123,543402.6666666666
Newfoundland and Labrador,2024,drinks,5.286250000000001,543402.6666666666
Newfoundland and Labrador,2024,frozen,4.357083333333333,543402.6666666666
Newfoundland and Labrador,2024,fruits,4.473611111111111,543402.6666666666
Newfoundland and Labrador,2024,grains,4.01125,543402.6666666666
Newfoundland and Labrador,2024,meat_alts,4.760833333333333,543402.6666666666
Newfoundland and Labrador,2024,meats,9.06625,543402.6666666666
Newfoundland and Labrador,2024,nuts,4.259375,543402.6666666666
Newfoundland and Labrador,2024,pantry,5.9240625,543402.6666666666
Newfoundland and Labrador,2024,seafood,16.845625,543402.6666666666
Newfoundland and Labrador,2024,snacks,4.494166666666667,543402.6666666666
Newfoundland and Labrador,2024,veggies,5.069625,543402.6666666666
Nova Scotia,2017,baby,12.98875,951050.25
Nova Scotia,2017,beans,3.54375,951050.25
Nova Scotia,2017,canned,1.1333333333333333,951050.25
Nova Scotia,2017,condiments,3.676111111111111,951050.25
Nova Scotia,2017,dairy,4.5263888888888895,951050.25
Nova Scotia,2017,drinks,4.138541666666667,951050.25
Nova Scotia,2017,frozen,3.4824999999999995,951050.25
Nova Scotia,2017,fruits,3.006388888888889,951050.25
Nova Scotia,2017,grains,2.973125,951050.25
Nova Scotia,2017,meat_alts,3.049722222222222,951050.25
Nova Scotia,2017,meats,6.622666666666667,951050.25
Nova Scotia,2017,nuts,4.339166666666666,951050.25
Nova Scotia,2017,pantry,5.221041666666666,951050.25
Nova Scotia,2017,seafood,13.205416666666665,951050.25
Nova Scotia,2017,snacks,3.3777777777777778,951050.25
Nova Scotia,2017,veggies,3.371666666666667,951050.25
Nova Scotia,2018,baby,13.379583333333334,961061.0
Nova Scotia,2018,beans,3.472916666666667,961061.0
Nova Scotia,2018,canned,1.1341666666666668,961061.0
Nova Scotia,2018,condiments,3.731944444444444,961061.0
Nova Scotia,2018,dairy,4.484444444444445,961061.0
Nova Scotia,2018,drinks,4.230833333333333,961061.0
Nova Scotia,2018,frozen,3.439722222222222,961061.0
Nova Scotia,2018,fruits,3.0615740740740742,961061.0
Nova Scotia,2018,grains,2.9289583333333336,961061.0
Nova Scotia,2018,meat_alts,3.1863888888888887,961061.0
Nova Scotia,2018,meats,6.747833333333334,961061.0
Nova Scotia,2018,nuts,4.345,961061.0
Nova Scotia,2018,pantry,5.239166666666667,961061.0
Nova Scotia,2018,seafood,13.51875,961061.0
Nova Scotia,2018,snacks,3.515277777777777,961061.0
Nova Scotia,2018,veggies,3.71175,961061.0
Nova Scotia,2019,baby,14.595833333333337,974448.75
Nova Scotia,2019,beans,3.306666666666666,974448.75
Nova Scotia,2019,canned,1.2520833333333334,974448.75
Nova Scotia,2019,condiments,3.8097222222222222,974448.75
Nova Scotia,2019,dairy,4.522361111111111,974448.75
Nova Scotia,2019,drinks,4.1925,974448.75
Nova Scotia,2019,frozen,3.5541666666666667,974448.75
Nova Scotia,2019,fruits,3.2384259259259256,974448.75
Nova Scotia,2019,grains,2.99875,974448.75
Nova Scotia,2019,meat_alts,3.598333333333333,974448.75
Nova Scotia,2019,meats,7.1185,974448.75
Nova Scotia,2019,nuts,4.2404166666666665,974448.75
Nova Scotia,2019,pantry,5.201458333333334,974448.75
Nova Scotia,2019,seafood,13.627499999999998,974448.75
Nova Scotia,2019,snacks,3.666388888888889,974448.75
Nova Scotia,2019,veggies,3.987916666666666,974448.75
Nova Scotia,2020,baby,15.265416666666669,987164.0
Nova Scotia,2020,beans,3.345416666666667,987164.0
Nova Scotia,2020,canned,1.3145833333333332,987164.0
Nova Scotia,2020,condiments,3.929444444444445,987164.0
Nova Scotia,2020,dairy,4.640555555555555,987164.0
Nova Scotia,2020,drinks,4.336041666666667,987164.0
Nova Scotia,2020,frozen,3.703888888888889,987164.0
Nova Scotia,2020,fruits,3.450740740740741,987164.0
Nova Scotia,2020,grains,3.0697916666666667,987164.0
Nova Scotia,2020,meat_alts,3.810555555555556,987164.0
Nova Scotia,2020,meats,7.425,987164.0
Nova Scotia,2020,nuts,4.312916666666667,987164.0
Nova Scotia,2020,pantry,5.602708333333333,987164.0
Nova Scotia,2020,seafood,13.596666666666668,987164.0
Nova Scotia,2020,snacks,3.665,987164.0
Nova Scotia,2020,veggies,4.156083333333333,987164.0
Nova Scotia,2021,baby,16.201666666666664,997659.25
Nova Scotia,2021,beans,3.3512500000000003,997659.25
Nova Scotia,2021,canned,1.3266666666666669,997659.25
Nova Scotia,2021,condiments,4.364305555555556,997659.25
Nova Scotia,2021,dairy,4.9475,997659.25
Nova Scotia,2021,drinks,4.445833333333334,997659.25
Nova Scotia,2021,frozen,3.8030555555555554,997659.25
Nova Scotia,2021,fruits,3.554351851851852,997659.25
Nova Scotia,2021,grains,3.149583333333333,997659.25
Nova Scotia,2021,meat_alts,4.050277777777778,997659.25
Nova Scotia,2021,meats,7.853,997659.25
Nova Scotia,2021,nuts,4.383749999999999,997659.25
Nova Scotia,2021,pantry,5.595833333333333,997659.25
Nova Scotia,2021,seafood,14.542916666666663,997659.25
Nova Scotia,2021,snacks,3.739722222222222,997659.25
Nova Scotia,2021,veggies,3.991916666666667,997659.25
Nova Scotia,2022,baby,17.136666666666667,1021422.0
Nova Scotia,2022,beans,3.5579166666666664,1021422.0
Nova Scotia,2022,canned,1.5300000000000002,1021422.0
Nova Scotia,2022,condiments,5.563888888888889,1021422.0
Nova Scotia,2022,dairy,5.5925,1021422.0
Nova Scotia,2022,drinks,4.821458333333333,1021422.0
Nova Scotia,2022,frozen,4.029166666666667,1021422.0
Nova Scotia,2022,fruits,3.8453703703703694,1021422.0
Nova Scotia,2022,grains,3.743125000000001,1021422.0
Nova Scotia,2022,meat_alts,4.403611111111111,1021422.0
Nova Scotia,2022,meats,8.664833333333334,1021422.0
Nova Scotia,2022,nuts,4.522916666666667,1021422.0
Nova Scotia,2022,pantry,6.17,1021422.0
Nova Scotia,2022,seafood,16.258333333333333,1021422.0
Nova Scotia,2022,snacks,4.066388888888889,1021422.0
Nova Scotia,2022,veggies,4.341083333333334,1021422.0
Nova Scotia,2023,baby,21.22958333333333,1052024.75
Nova Scotia,2023,beans,3.8254166666666665,1052024.75
Nova Scotia,2023,canned,1.7687499999999998,1052024.75
Nova Scotia,2023,condiments,6.04763888888889,1052024.75
Nova Scotia,2023,dairy,5.9695833333333335,1052024.75
Nova Scotia,2023,drinks,5.266041666666666,1052024.75
Nova Scotia,2023,frozen,4.396666666666667,1052024.75
Nova Scotia,2023,fruits,4.102685185185185,1052024.75
Nova Scotia,2023,grains,4.140208333333334,1052024.75
Nova Scotia,2023,meat_alts,4.514444444444444,1052024.75
Nova Scotia,2023,meats,8.9045,1052024.75
Nova Scotia,2023,nuts,4.52125,1052024.75
Nova Scotia,2023,pantry,6.5025,1052024.75
Nova Scotia,2023,seafood,17.017083333333336,1052024.75
Nova Scotia,2023,snacks,4.551111111111111,1052024.75
Nova Scotia,2023,veggies,4.594166666666667,1052024.75
Nova Scotia,2024,baby,22.753125,1071997.3333333333
Nova Scotia,2024,beans,3.93625,1071997.3333333333
Nova Scotia,2024,canned,1.6687500000000002,1071997.3333333333
Nova Scotia,2024,condiments,5.753958333333333,1071997.3333333333
Nova Scotia,2024,dairy,6.027916666666667,1071997.3333333333
Nova Scotia,2024,drinks,5.4553125,1071997.3333333333
Nova Scotia,2024,frozen,4.449166666666667,1071997.3333333333
Nova Scotia,2024,fruits,4.027222222222222,1071997.3333333333
Nova Scotia,2024,grains,3.918125,1071997.3333333333
Nova Scotia,2024,meat_alts,4.711666666666667,1071997.3333333333
Nova Scotia,2024,meats,9.023,1071997.3333333333
Nova Scotia,2024,nuts,4.37875,1071997.3333333333
Nova Scotia,2024,pantry,6.11375,1071997.3333333333
Nova Scotia,2024,seafood,16.919375,1071997.3333333333
Nova Scotia,2024,snacks,4.480416666666667,1071997.3333333333
Nova Scotia,2024,veggies,4.6015,1071997.3333333333
Ontario,2017,baby,14.254583333333333,14056827.0
Ontario,2017,beans,2.809166666666666,14056827.0
Ontario,2017,canned,1.02625,14056827.0
Ontario,2017,condiments,3.3038888888888884,14056827.0
Ontario,2017,dairy,4.046666666666666,14056827.0
Ontario,2017,drinks,3.4610416666666666,14056827.0
Ontario,2017,frozen,3.5244444444444443,14056827.0
Ontario,2017,fruits,2.519814814814815,14056827.0
Ontario,2017,grains,2.5954166666666665,14056827.0
Ontario,2017,meat_alts,2.994722222222222,14056827.0
Ontario,2017,meats,7.349166666666666,14056827.0
Ontario,2017,nuts,3.855833333333333,14056827.0
Ontario,2017,pantry,4.301666666666667,14056827.0
Ontario,2017,seafood,15.502083333333331,14056827.0
Ontario,2017,snacks,3.134444444444444,14056827.0
Ontario,2017,veggies,2.85375,14056827.0
Ontario,2018,baby,14.722083333333332,14297687.0
Ontario,2018,beans,2.8495833333333334,14297687.0
Ontario,2018,canned,1.0345833333333334,14297687.0
Ontario,2018,condiments,3.397777777777778,14297687.0
Ontario,2018,dairy,4.095555555555555,14297687.0
Ontario,2018,drinks,3.5314583333333336,14297687.0
Ontario,2018,frozen,3.4047222222222224,14297687.0
Ontario,2018,fruits,2.5714814814814813,14297687.0
Ontario,2018,grains,2.5775,14297687.0
Ontario,2018,meat_alts,3.2075,14297687.0
Ontario,2018,meats,7.388833333333333,14297687.0
Ontario,2018,nuts,4.027916666666666,14297687.0
Ontario,2018,pantry,4.371041666666667,14297687.0
Ontario,2018,seafood,15.784166666666668,14297687.0
Ontario,2018,snacks,3.2625,14297687.0
Ontario,2018,veggies,3.166,14297687.0
Ontario,2019,baby,15.568749999999998,14545972.5
Ontario,2019,beans,2.8866666666666667,14545972.5
Ontario,2019,canned,1.0954166666666665,14545972.5
Ontario,2019,condiments,3.4287499999999995,14545972.5
Ontario,2019,dairy,4.1725,14545972.5
Ontario,2019,drinks,3.6033333333333335,14545972.5
Ontario,2019,frozen,3.487222222222222,14545972.5
Ontario,2019,fruits,2.707685185185185,14545972.5
Ontario,2019,grains,2.621875,14545972.5
Ontario,2019,meat_alts,3.589166666666667,14545972.5
Ontario,2019,meats,7.528833333333333,14545972.5
Ontario,2019,nuts,4.067083333333334,14545972.5
Ontario,2019,pantry,4.430833333333333,14545972.5
Ontario,2019,seafood,15.845416666666669,14545972.5
Ontario,2019,snacks,3.458333333333333,14545972.5
Ontario,2019,veggies,3.530083333333333,14545972.5
Ontario,2020,baby,15.98625,14747480.5
Ontario,2020,beans,2.9675,14747480.5
Ontario,2020,canned,1.2141666666666668,14747480.5
Ontario,2020,condiments,3.5601388888888885,14747480.5
Ontario,2020,dairy,4.318888888888889,14747480.5
Ontario,2020,drinks,3.772708333333333,14747480.5
Ontario,2020,frozen,3.595555555555555,14747480.5
Ontario,2020,fruits,2.7424074074074074,14747480.5
Ontario,2020,grains,2.726458333333333,14747480.5
Ontario,2020,meat_alts,3.815555555555555,14747480.5
Ontario,2020,meats,7.949166666666666,14747480.5
Ontario,2020,nuts,4.085833333333333,14747480.5
Ontario,2020,pantry,4.7370833333333335,14747480.5
Ontario,2020,seafood,15.295,14747480.5
Ontario,2020,snacks,3.498611111111112,14747480.5
Ontario,2020,veggies,3.54775,14747480.5
Ontario,2021,baby,16.53875,14840405.25
Ontario,2021,beans,2.9725,14840405.25
Ontario,2021,canned,1.2116666666666664,14840405.25
Ontario,2021,condiments,4.014861111111111,14840405.25
Ontario,2021,dairy,4.569166666666667,14840405.25
Ontario,2021,drinks,3.87125,14840405.25
Ontario,2021,frozen,3.659444444444445,14840405.25
Ontario,2021,fruits,2.83,14840405.25
Ontario,2021,grains,2.8364583333333333,14840405.25
Ontario,2021,meat_alts,4.073055555555555,14840405.25
Ontario,2021,meats,8.270666666666667,14840405.25
Ontario,2021,nuts,3.9870833333333335,14840405.25
Ontario,2021,pantry,4.9025,14840405.25
Ontario,2021,seafood,15.955833333333333,14840405.25
Ontario,2021,snacks,3.586111111111111,14840405.25
Ontario,2021,veggies,3.40525,14840405.25
Ontario,2022,baby,16.76291666666667,15117224.0
Ontario,2022,beans,3.430416666666667,15117224.0
Ontario,2022,canned,1.3583333333333334,15117224.0
Ontario,2022,condiments,5.0754166666666665,15117224.0
Ontario,2022,dairy,5.221388888888889,15117224.0
Ontario,2022,drinks,4.181666666666667,15117224.0
Ontario,2022,frozen,3.850277777777778,15117224.0
Ontario,2022,fruits,3.2376851851851853,15117224.0
Ontario,2022,grains,3.292708333333333,15117224.0
Ontario,2022,meat_alts,4.318611111111111,15117224.0
Ontario,2022,meats,9.001833333333334,15117224.0
Ontario,2022,nuts,4.189166666666667,15117224.0
Ontario,2022,pantry,5.4972916666666665,15117224.0
Ontario,2022,seafood,17.93208333333333,15117224.0
Ontario,2022,snacks,3.925833333333333,15117224.0
Ontario,2022,veggies,3.803,15117224.0
Ontario,2023,baby,20.22875,15580513.5
Ontario,2023,beans,3.6979166666666665,15580513.5
Ontario,2023,canned,1.5783333333333331,15580513.5
Ontario,2023,condiments,5.481111111111112,15580513.5
Ontario,2023,dairy,5.680138888888888,15580513.5
Ontario,2023,drinks,4.628541666666667,15580513.5
Ontario,2023,frozen,4.271944444444444,15580513.5
Ontario,2023,fruits,3.349166666666666,15580513.5
Ontario,2023,grains,3.631458333333333,15580513.5
Ontario,2023,meat_alts,4.427499999999999,15580513.5
Ontario,2023,meats,8.863333333333333,15580513.5
Ontario,2023,nuts,4.105416666666667,15580513.5
Ontario,2023,pantry,5.832083333333334,15580513.5
Ontario,2023,seafood,17.799166666666668,15580513.5
Ontario,2023,snacks,4.3566666666666665,15580513.5
Ontario,2023,veggies,3.993833333333333,15580513.5
Ontario,2024,baby,23.028125,16034026.0
Ontario,2024,beans,3.550625,16034026.0
Ontario,2024,canned,1.5281250000000002,16034026.0
Ontario,2024,condiments,5.257083333333333,16034026.0
Ontario,2024,dairy,5.6933333333333325,16034026.0
Ontario,2024,drinks,4.935,16034026.0
Ontario,2024,frozen,4.265833333333333,16034026.0
Ontario,2024,fruits,3.2051388888888885,16034026.0
Ontario,2024,grains,3.383125,16034026.0
Ontario,2024,meat_alts,4.422083333333334,16034026.0
Ontario,2024,meats,8.8465,16034026.0
Ontario,2024,nuts,4.045625,16034026.0
Ontario,2024,pantry,5.38875,16034026.0
Ontario,2024,seafood,17.24,16034026.0
Ontario,2024,snacks,4.295416666666667,16034026.0
Ontario,2024,veggies,3.999625,16034026.0
Prince Edward Island,2017,baby,11.583749999999998,149125.0
Prince Edward Island,2017,beans,3.4866666666666664,149125.0
Prince Edward Island,2017,canned,1.1458333333333333,149125.0
Prince Edward Island,2017,condiments,3.736388888888889,149125.0
Prince Edward Island,2017,dairy,4.754444444444444,149125.0
Prince Edward Island,2017,drinks,3.930833333333333,149125.0
Prince Edward Island,2017,frozen,3.459722222222222,149125.0
Prince Edward Island,2017,fruits,3.02212962962963,149125.0
Prince Edward Island,2017,grains,2.9864583333333337,149125.0
Prince Edward Island,2017,meat_alts,3.055555555555556,149125.0
Prince Edward Island,2017,meats,6.606999999999999,149125.0
Prince Edward Island,2017,nuts,4.412916666666667,149125.0
Prince Edward Island,2017,pantry,5.171458333333334,149125.0
Prince Edward Island,2017,seafood,13.29125,149125.0
Prince Edward Island,2017,snacks,3.371666666666666,149125.0
Prince Edward Island,2017,veggies,3.4210833333333333,149125.0
Prince Edward Island,2018,baby,12.134583333333332,151948.0
Prince Edward Island,2018,beans,3.421666666666667,151948.0
Prince Edward Island,2018,canned,1.1595833333333334,151948.0
Prince Edward Island,2018,condiments,3.78,151948.0
Prince Edward Island,2018,dairy,4.764722222222222,151948.0
Prince Edward Island,2018,drinks,4.015833333333333,151948.0
Prince Edward Island,2018,frozen,3.437222222222222,151948.0
Prince Edward Island,2018,fruits,3.056203703703704,151948.0
Prince Edward Island,2018,grains,2.95375,151948.0
Prince Edward Island,2018,meat_alts,3.244444444444444,151948.0
Prince Edward Island,2018,meats,6.716833333333334,151948.0
Prince Edward Island,2018,nuts,4.349166666666666,151948.0
Prince Edward Island,2018,pantry,5.193333333333333,151948.0
Prince Edward Island,2018,seafood,13.61625,151948.0
Prince Edward Island,2018,snacks,3.5275,151948.0
Prince Edward Island,2018,veggies,3.804833333333333,151948.0
Prince Edward Island,2019,baby,13.45375,155276.75
Prince Edward Island,2019,beans,3.33625,155276.75
Prince Edward Island,2019,canned,1.2666666666666666,155276.75
Prince Edward Island,2019,condiments,3.862222222222222,155276.75
Prince Edward Island,2019,dairy,4.81125,155276.75
Prince Edward Island,2019,drinks,4.015416666666667,155276.75
Prince Edward Island,2019,frozen,3.577222222222222,155276.75
Prince Edward Island,2019,fruits,3.248425925925926,155276.75
Prince Edward Island,2019,grains,2.9947916666666665,155276.75
Prince Edward Island,2019,meat_alts,3.6969444444444446,155276.75
Prince Edward Island,2019,meats,7.143666666666666,155276.75
Prince Edward Island,2019,nuts,4.2091666666666665,155276.75
Prince Edward Island,2019,pantry,5.194583333333334,155276.75
Prince Edward Island,2019,seafood,13.617916666666666,155276.75
Prince Edward Island,2019,snacks,3.6647222222222218,155276.75
Prince Edward Island,2019,veggies,4.0635,155276.75
Prince Edward Island,2020,baby,14.132083333333332,158566.75
Prince Edward Island,2020,beans,3.3854166666666665,158566.75
Prince Edward Island,2020,canned,1.3216666666666668,158566.75
Prince Edward Island,2020,condiments,3.966111111111111,158566.75
Prince Edward Island,2020,dairy,4.919305555555556,158566.75
Prince Edward Island,2020,drinks,4.147916666666667,158566.75
Prince Edward Island,2020,frozen,3.705833333333333,158566.75
Prince Edward Island,2020,fruits,3.4770370370370376,158566.75
Prince Edward Island,2020,grains,3.060416666666667,158566.75
Prince Edward Island,2020,meat_alts,3.900555555555556,158566.75
Prince Edward Island,2020,meats,7.442333333333333,158566.75
Prince Edward Island,2020,nuts,4.249583333333333,158566.75
Prince Edward Island,2020,pantry,5.593541666666666,158566.75
Prince Edward Island,2020,seafood,13.493333333333332,158566.75
Prince Edward Island,2020,snacks,3.6558333333333337,158566.75
Prince Edward Island,2020,veggies,4.183083333333333,158566.75
Prince Edward Island,2021,baby,15.218333333333332,161358.75
Prince Edward Island,2021,beans,3.3616666666666664,161358.75
Prince Edward Island,2021,canned,1.3204166666666666,161358.75
Prince Edward Island,2021,condiments,4.395694444444445,161358.75
Prince Edward Island,2021,dairy,5.240833333333334,161358.75
Prince Edward Island,2021,drinks,4.278333333333332,161358.75
Prince Edward Island,2021,frozen,3.8216666666666663,161358.75
Prince Edward Island,2021,fruits,3.5923148148148147,161358.75
Prince Edward Island,2021,grains,3.1489583333333333,161358.75
Prince Edward Island,2021,meat_alts,4.108888888888889,161358.75
Prince Edward Island,2021,meats,7.880666666666667,161358.75
Prince Edward Island,2021,nuts,4.429583333333333,161358.75
Prince Edward Island,2021,pantry,5.630624999999999,161358.75
Prince Edward Island,2021,seafood,14.200833333333334,161358.75
Prince Edward Island,2021,snacks,3.735,161358.75
Prince Edward Island,2021,veggies,4.061083333333333,161358.75
Prince Edward Island,2022,baby,15.825,166495.75
Prince Edward Island,2022,beans,3.5354166666666664,166495.75
Prince Edward Island,2022,canned,1.5237500000000002,166495.75
Prince Edward Island,2022,condiments,5.659305555555555,166495.75
Prince Edward Island,2022,dairy,5.932083333333334,166495.75
Prince Edward Island,2022,drinks,4.6727083333333335,166495.75
Prince Edward Island,2022,frozen,4.064444444444444,166495.75
Prince Edward Island,2022,fruits,3.8979629629629615,166495.75
Prince Edward Island,2022,grains,3.745,166495.75
Prince Edward Island,2022,meat_alts,4.427222222222222,166495.75
Prince Edward Island,2022,meats,8.745833333333334,166495.75
Prince Edward Island,2022,nuts,4.562916666666666,166495.75
Prince Edward Island,2022,pantry,6.1875,166495.75
Prince Edward Island,2022,seafood,16.44125,166495.75
Prince Edward Island,2022,snacks,4.067222222222222,166495.75
Prince Edward Island,2022,veggies,4.44425,166495.75
Prince Edward Island,2023,baby,20.470416666666665,172879.25
Prince Edward Island,2023,beans,3.815833333333333,172879.25
Prince Edward Island,2023,canned,1.7629166666666665,172879.25
Prince Edward Island,2023,condiments,6.0995833333333325,172879.25
Prince Edward Island,2023,dairy,6.312916666666666,172879.25
Prince Edward Island,2023,drinks,5.124583333333334,172879.25
Prince Edward Island,2023,frozen,4.442222222222223,172879.25
Prince Edward Island,2023,fruits,4.130925925925926,172879.25
Prince Edward Island,2023,grains,4.169583333333333,172879.25
Prince Edward Island,2023,meat_alts,4.566111111111112,172879.25
Prince Edward Island,2023,meats,8.934999999999999,172879.25
Prince Edward Island,2023,nuts,4.5675,172879.25
Prince Edward Island,2023,pantry,6.513958333333334,172879.25
Prince Edward Island,2023,seafood,16.910416666666666,172879.25
Prince Edward Island,2023,snacks,4.596111111111111,172879.25
Prince Edward Island,2023,veggies,4.729583333333333,172879.25
Prince Edward Island,2024,baby,22.454375,177395.33333333334
Prince Edward Island,2024,beans,3.921875,177395.33333333334
Prince Edward Island,2024,canned,1.676875,177395.33333333334
Prince Edward Island,2024,condiments,5.87625,177395.33333333334
Prince Edward Island,2024,dairy,6.3758333333333335,177395.33333333334
Prince Edward Island,2024,drinks,5.3734375,177395.33333333334
Prince Edward Island,2024,frozen,4.478333333333333,177395.33333333334
Prince Edward Island,2024,fruits,4.056666666666667,177395.33333333334
Prince Edward Island,2024,grains,3.9815625,177395.33333333334
Prince Edward Island,2024,meat_alts,4.691666666666666,177395.33333333334
Prince Edward Island,2024,meats,9.13275,177395.33333333334
Prince Edward Island,2024,nuts,4.46875,177395.33333333334
Prince Edward Island,2024,pantry,5.98875,177395.33333333334
Prince Edward Island,2024,seafood,17.02,177395.33333333334
Prince Edward Island,2024,snacks,4.56,177395.33333333334
Prince Edward Island,2024,veggies,4.618,177395.33333333334
Quebec,2017,baby,13.253333333333334,8284231.25
Quebec,2017,beans,2.799583333333333,8284231.25
Quebec,2017,canned,1.0225,8284231.25
Quebec,2017,condiments,3.475972222222222,8284231.25
Quebec,2017,dairy,4.447222222222222,8284231.25
Quebec,2017,drinks,3.763958333333333,8284231.25
Quebec,2017,frozen,3.468888888888889,8284231.25
Quebec,2017,fruits,2.6497222222222216,8284231.25
Quebec,2017,grains,2.765416666666667,8284231.25
Quebec,2017,meat_alts,3.0713888888888885,8284231.25
Quebec,2017,meats,7.817166666666667,8284231.25
Quebec,2017,nuts,4.042916666666667,8284231.25
Quebec,2017,pantry,4.793541666666667,8284231.25
Quebec,2017,seafood,14.76125,8284231.25
Quebec,2017,snacks,3.2925,8284231.25
Quebec,2017,veggies,2.978833333333333,8284231.25
Quebec,2018,baby,13.69375,8374735.0
Quebec,2018,beans,2.7379166666666666,8374735.0
Quebec,2018,canned,1.02,8374735.0
Quebec,2018,condiments,3.589027777777777,8374735.0
Quebec,2018,dairy,4.436388888888889,8374735.0
Quebec,2018,drinks,3.839583333333333,8374735.0
Quebec,2018,frozen,3.431944444444445,8374735.0
Quebec,2018,fruits,2.674351851851852,8374735.0
Quebec,2018,grains,2.799375,8374735.0
Quebec,2018,meat_alts,3.295277777777778,8374735.0
Quebec,2018,meats,7.620333333333332,8374735.0
Quebec,2018,nuts,4.403333333333332,8374735.0
Quebec,2018,pantry,4.8025,8374735.0
Quebec,2018,seafood,14.7575,8374735.0
Quebec,2018,snacks,3.5077777777777777,8374735.0
Quebec,2018,veggies,3.2305,8374735.0
Quebec,2019,baby,14.039166666666668,8470680.75
Quebec,2019,beans,2.8120833333333333,8470680.75
Quebec,2019,canned,1.04125,8470680.75
Quebec,2019,condiments,3.6034722222222224,8470680.75
Quebec,2019,dairy,4.561527777777777,8470680.75
Quebec,2019,drinks,3.91,8470680.75
Quebec,2019,frozen,3.5652777777777778,8470680.75
Quebec,2019,fruits,2.846111111111111,8470680.75
Quebec,2019,grains,2.90625,8470680.75
Quebec,2019,meat_alts,3.6625,8470680.75
Quebec,2019,meats,7.768499999999999,8470680.75
Quebec,2019,nuts,4.410833333333334,8470680.75
Quebec,2019,pantry,4.827916666666667,8470680.75
Quebec,2019,seafood,15.398333333333335,8470680.75
Quebec,2019,snacks,3.5666666666666664,8470680.75
Quebec,2019,veggies,3.72825,8470680.75
Quebec,2020,baby,14.209583333333336,8547809.0
Quebec,2020,beans,2.974166666666667,8547809.0
Quebec,2020,canned,1.14875,8547809.0
Quebec,2020,condiments,3.7430555555555554,8547809.0
Quebec,2020,dairy,4.698333333333333,8547809.0
Quebec,2020,drinks,4.058333333333334,8547809.0
Quebec,2020,frozen,3.638333333333333,8547809.0
Quebec,2020,fruits,3.015,8547809.0
Quebec,2020,grains,2.9683333333333333,8547809.0
Quebec,2020,meat_alts,3.7936111111111113,8547809.0
Quebec,2020,meats,8.082333333333334,8547809.0
Quebec,2020,nuts,4.55125,8547809.0
Quebec,2020,pantry,5.024375,8547809.0
Quebec,2020,seafood,14.525833333333336,8547809.0
Quebec,2020,snacks,3.6197222222222223,8547809.0
Quebec,2020,veggies,3.857583333333333,8547809.0
Quebec,2021,baby,14.072083333333332,8570647.75
Quebec,2021,beans,3.0883333333333334,8570647.75
Quebec,2021,canned,1.1,8570647.75
Quebec,2021,condiments,4.145277777777777,8570647.75
Quebec,2021,dairy,4.897916666666666,8570647.75
Quebec,2021,drinks,4.178333333333334,8570647.75
Quebec,2021,frozen,3.8125,8570647.75
Quebec,2021,fruits,3.122962962962963,8570647.75
Quebec,2021,grains,3.034375,8570647.75
Quebec,2021,meat_alts,3.9891666666666654,8570647.75
Quebec,2021,meats,8.330666666666668,8570647.75
Quebec,2021,nuts,4.437083333333334,8570647.75
Quebec,2021,pantry,5.14875,8570647.75
Quebec,2021,seafood,15.17,8570647.75
Quebec,2021,snacks,3.67,8570647.75
Quebec,2021,veggies,3.576166666666667,8570647.75
Quebec,2022,baby,15.037916666666666,8661918.5
Quebec,2022,beans,3.68875,8661918.5
Quebec,2022,canned,1.393333333333333,8661918.5
Quebec,2022,condiments,5.18875,8661918.5
Quebec,2022,dairy,5.473611111111111,8661918.5
Quebec,2022,drinks,4.565416666666667,8661918.5
Quebec,2022,frozen,4.098611111111111,8661918.5
Quebec,2022,fruits,3.526944444444444,8661918.5
Quebec,2022,grains,3.536875,8661918.5
Quebec,2022,meat_alts,4.084722222222222,8661918.5
Quebec,2022,meats,9.063666666666666,8661918.5
Quebec,2022,nuts,4.466666666666667,8661918.5
Quebec,2022,pantry,5.897083333333333,8661918.5
Quebec,2022,seafood,16.889583333333334,8661918.5
Quebec,2022,snacks,3.958888888888889,8661918.5
Quebec,2022,veggies,3.802333333333333,8661918.5
Quebec,2023,baby,18.36916666666667,8831660.5
Quebec,2023,beans,3.8708333333333336,8831660.5
Quebec,2023,canned,1.4541666666666666,8831660.5
Quebec,2023,condiments,5.570277777777778,8831660.5
Quebec,2023,dairy,5.851944444444444,8831660.5
Quebec,2023,drinks,4.9852083333333335,8831660.5
Quebec,2023,frozen,4.504166666666666,8831660.5
Quebec,2023,fruits,3.701203703703704,8831660.5
Quebec,2023,grains,3.9020833333333336,8831660.5
Quebec,2023,meat_alts,4.213611111111111,8831660.5
Quebec,2023,meats,9.006166666666667,8831660.5
Quebec,2023,nuts,4.5616666666666665,8831660.5
Quebec,2023,pantry,6.013541666666667,8831660.5
Quebec,2023,seafood,17.665416666666665,8831660.5
Quebec,2023,snacks,4.389444444444444,8831660.5
Quebec,2023,veggies,4.06725,8831660.5
Quebec,2024,baby,22.353125,9005236.0
Quebec,2024,beans,3.64375,9005236.0
Quebec,2024,canned,1.40625,9005236.0
Quebec,2024,condiments,5.425,9005236.0
Quebec,2024,dairy,5.902708333333333,9005236.0
Quebec,2024,drinks,5.2165625,9005236.0
Quebec,2024,frozen,4.482916666666667,9005236.0
Quebec,2024,fruits,3.3408333333333333,9005236.0
Quebec,2024,grains,3.77875,9005236.0
Quebec,2024,meat_alts,4.14875,9005236.0
Quebec,2024,meats,8.63225,9005236.0
Quebec,2024,nuts,4.6675,9005236.0
Quebec,2024,pantry,5.8228125,9005236.0
Quebec,2024,seafood,16.99875,9005236.0
Quebec,2024,snacks,4.371666666666667,9005236.0
Quebec,2024,veggies,4.131875,9005236.0
Saskatchewan,2017,baby,13.389166666666666,1145931.25
Saskatchewan,2017,beans,2.9816666666666665,1145931.25
Saskatchewan,2017,canned,1.3404166666666666,1145931.25
Saskatchewan,2017,condiments,4.192083333333334,1145931.25
Saskatchewan,2017,dairy,4.236666666666667,1145931.25
Saskatchewan,2017,drinks,3.6904166666666662,1145931.25
Saskatchewan,2017,frozen,3.494444444444445,1145931.25
Saskatchewan,2017,fruits,2.9512962962962965,1145931.25
Saskatchewan,2017,grains,3.0997916666666665,1145931.25
Saskatchewan,2017,meat_alts,3.168055555555556,1145931.25
Saskatchewan,2017,meats,7.854999999999999,1145931.25
Saskatchewan,2017,nuts,3.870833333333333,1145931.25
Saskatchewan,2017,pantry,4.616041666666667,1145931.25
Saskatchewan,2017,seafood,13.80125,1145931.25
Saskatchewan,2017,snacks,3.480833333333333,1145931.25
Saskatchewan,2017,veggies,3.003416666666667,1145931.25
Saskatchewan,2018,baby,13.9625,1155438.5
Saskatchewan,2018,beans,3.085833333333333,1155438.5
Saskatchewan,2018,canned,1.3283333333333336,1155438.5
Saskatchewan,2018,condiments,4.055694444444444,1155438.5
Saskatchewan,2018,dairy,4.251527777777778,1155438.5
Saskatchewan,2018,drinks,3.618125000000001,1155438.5
Saskatchewan,2018,frozen,3.353333333333333,1155438.5
Saskatchewan,2018,fruits,2.894814814814815,1155438.5
Saskatchewan,2018,grains,3.021041666666666,1155438.5
Saskatchewan,2018,meat_alts,3.216944444444444,1155438.5
Saskatchewan,2018,meats,7.637833333333333,1155438.5
Saskatchewan,2018,nuts,3.999583333333333,1155438.5
Saskatchewan,2018,pantry,4.636458333333334,1155438.5
Saskatchewan,2018,seafood,14.493333333333334,1155438.5
Saskatchewan,2018,snacks,3.515555555555556,1155438.5
Saskatchewan,2018,veggies,3.1403333333333334,1155438.5
Saskatchewan,2019,baby,14.397916666666664,1163702.5
Saskatchewan,2019,beans,3.0670833333333336,1163702.5
Saskatchewan,2019,canned,1.3866666666666667,1163702.5
Saskatchewan,2019,condiments,3.923194444444445,1163702.5
Saskatchewan,2019,dairy,4.265,1163702.5
Saskatchewan,2019,drinks,3.652083333333333,1163702.5
Saskatchewan,2019,frozen,3.4858333333333333,1163702.5
Saskatchewan,2019,fruits,3.069351851851852,1163702.5
Saskatchewan,2019,grains,2.9820833333333336,1163702.5
Saskatchewan,2019,meat_alts,3.6752777777777776,1163702.5
Saskatchewan,2019,meats,7.635333333333333,1163702.5
Saskatchewan,2019,nuts,4.0495833333333335,1163702.5
Saskatchewan,2019,pantry,4.639166666666667,1163702.5
Saskatchewan,2019,seafood,15.129166666666666,1163702.5
Saskatchewan,2019,snacks,3.5627777777777783,1163702.5
Saskatchewan,2019,veggies,3.733083333333333,1163702.5
Saskatchewan,2020,baby,14.629583333333333,1167953.25
Saskatchewan,2020,beans,3.021666666666667,1167953.25
Saskatchewan,2020,canned,1.3987499999999995,1167953.25
Saskatchewan,2020,condiments,3.945138888888889,1167953.25
Saskatchewan,2020,dairy,4.366805555555556,1167953.25
Saskatchewan,2020,drinks,3.726875,1167953.25
Saskatchewan,2020,frozen,3.5116666666666667,1167953.25
Saskatchewan,2020,fruits,3.113425925925926,1167953.25
Saskatchewan,2020,grains,3.0352083333333333,1167953.25
Saskatchewan,2020,meat_alts,3.764444444444445,1167953.25
Saskatchewan,2020,meats,7.9556666666666676,1167953.25
Saskatchewan,2020,nuts,4.140833333333333,1167953.25
Saskatchewan,2020,pantry,5.022083333333334,1167953.25
Saskatchewan,2020,seafood,14.2175,1167953.25
Saskatchewan,2020,snacks,3.5636111111111117,1167953.25
Saskatchewan,2020,veggies,3.7689166666666662,1167953.25
Saskatchewan,2021,baby,15.292083333333334,1167640.5
Saskatchewan,2021,beans,2.9279166666666665,1167640.5
Saskatchewan,2021,canned,1.3724999999999998,1167640.5
Saskatchewan,2021,condiments,4.340277777777778,1167640.5
Saskatchewan,2021,dairy,4.57875,1167640.5
Saskatchewan,2021,drinks,3.795625,1167640.5
Saskatchewan,2021,frozen,3.4938888888888893,1167640.5
Saskatchewan,2021,fruits,3.2632407407407404,1167640.5
Saskatchewan,2021,grains,2.912708333333333,1167640.5
Saskatchewan,2021,meat_alts,3.888888888888889,1167640.5
Saskatchewan,2021,meats,8.220333333333333,1167640.5
Saskatchewan,2021,nuts,4.1225000000000005,1167640.5
Saskatchewan,2021,pantry,4.936458333333333,1167640.5
Saskatchewan,2021,seafood,14.439166666666669,1167640.5
Saskatchewan,2021,snacks,3.586388888888889,1167640.5
Saskatchewan,2021,veggies,3.6219166666666665,1167640.5
Saskatchewan,2022,baby,16.000416666666666,1177684.25
Saskatchewan,2022,beans,3.4854166666666666,1177684.25
Saskatchewan,2022,canned,1.63125,1177684.25
Saskatchewan,2022,condiments,5.517500000000001,1177684.25
Saskatchewan,2022,dairy,5.171666666666667,1177684.25
Saskatchewan,2022,drinks,4.156875,1177684.25
Saskatchewan,2022,frozen,3.7527777777777778,1177684.25
Saskatchewan,2022,fruits,3.6996296296296296,1177684.25
Saskatchewan,2022,grains,3.399583333333333,1177684.25
Saskatchewan,2022,meat_alts,4.095,1177684.25
Saskatchewan,2022,meats,8.820166666666665,1177684.25
Saskatchewan,2022,nuts,4.10125,1177684.25
Saskatchewan,2022,pantry,5.5175,1177684.25
Saskatchewan,2022,seafood,14.825416666666666,1177684.25
Saskatchewan,2022,snacks,3.829166666666666,1177684.25
Saskatchewan,2022,veggies,4.119166666666667,1177684.25
Saskatchewan,2023,baby,19.221666666666668,1206390.5
Saskatchewan,2023,beans,3.69625,1206390.5
Saskatchewan,2023,canned,1.7695833333333333,1206390.5
Saskatchewan,2023,condiments,5.958888888888889,1206390.5
Saskatchewan,2023,dairy,5.583888888888889,1206390.5
Saskatchewan,2023,drinks,4.61625,1206390.5
Saskatchewan,2023,frozen,4.211666666666667,1206390.5
Saskatchewan,2023,fruits,3.8897222222222223,1206390.5
Saskatchewan,2023,grains,3.825,1206390.5
Saskatchewan,2023,meat_alts,4.242500000000001,1206390.5
Saskatchewan,2023,meats,8.928166666666666,1206390.5
Saskatchewan,2023,nuts,4.210416666666667,1206390.5
Saskatchewan,2023,pantry,5.910208333333333,1206390.5
Saskatchewan,2023,seafood,14.645416666666668,1206390.5
Saskatchewan,2023,snacks,4.311388888888889,1206390.5
Saskatchewan,2023,veggies,4.473916666666667,1206390.5
Saskatchewan,2024,baby,22.4075,1233260.3333333333
Saskatchewan,2024,beans,3.62,1233260.3333333333
Saskatchewan,2024,canned,1.556875,1233260.3333333333
Saskatchewan,2024,condiments,5.762291666666667,1233260.3333333333
Saskatchewan,2024,dairy,5.643541666666667,1233260.3333333333
Saskatchewan,2024,drinks,4.8584375,1233260.3333333333
Saskatchewan,2024,frozen,4.242916666666667,1233260.3333333333
Saskatchewan,2024,fruits,3.837222222222223,1233260.3333333333
Saskatchewan,2024,grains,3.5765625,1233260.3333333333
Saskatchewan,2024,meat_alts,4.389166666666667,1233260.3333333333
Saskatchewan,2024,meats,9.49825,1233260.3333333333
Saskatchewan,2024,nuts,4.130000000000001,1233260.3333333333
Saskatchewan,2024,pantry,5.4275,1233260.3333333333
Saskatchewan,2024,seafood,15.119375,1233260.3333333333
Saskatchewan,2024,snacks,4.31375,1233260.3333333333
Saskatchewan,2024,veggies,4.33975,1233260.3333333333
